# Ground-truth observation log, feeder commissioning 2026-10-06 and 2026-10-09.
#
# One row per event that has an INDEPENDENT ground truth: either a human watched
# the feeder and said what was there, or the trigger was deliberately actuated.
# System-detected events with no human observer are NOT ground truth and are
# excluded -- their label is the system's claim, not a fact.
#
# truth           what was actually at the feeder, from human observation
# truth_source    observer = a person watching; actuated = deliberate hand test
# triggered       did the ToF fire at all (the recall question)
# label/conf      what the service decided; empty when nothing triggered
# novelty         clip-level energy. REJECTED when > novelty_threshold
# outcome         publish | retain | discard | none (no trigger)
# verdict         TP | FP | FN | TN_correct_reject, judged against truth
#
# CAVEATS, read before using any of this:
#  * n is tiny (3 observed wild visits). Nothing here supports a rate.
#  * The mount shifted at least 3 times during 2026-10-09, so roi_size,
#    lens_position and the bottle's position in the beam are not constant
#    across rows even where the config string is identical.
#  * 2026-10-06 timestamps are unreliable: the Pi has no RTC and logged in
#    restored-clock time before NTP corrected it.
#  * 2026-10-06 clips were all deleted (publish.retain_unknown was not yet
#    implemented), so those rows cannot be re-examined.
#  * "missed" rows have no timestamp precision better than a few minutes;
#    nothing fired, so there is no machine record to anchor them to.
#
timestamp,truth,truth_source,triggered,label,conf,novelty,novelty_threshold,outcome,verdict,roi_size,lens_position,notes
2026-10-06T16:26/20:00,unknown_camera_misaimed,observer,yes,unknown,0.0,-3.81..-4.80,-4.9434,discard,TN_correct_reject,16,1.0,"14 clips over 3.5h; camera was not pointed at the perch, so the gate rejected the wrong scene correctly; all clips deleted"
2026-10-09T13:53:23,Zosterops virens,observer,yes,unknown,0.0,-4.0903,-4.9434,retain,FN,4,1.0,"CORRECTLY identified per-frame (zosterops_virens top class 9/12, peak 0.894) but gate rejected 10/12 blurred frames; clip voted unknown"
2026-10-09T13:53:23,Zosterops virens,observer,yes,zosterops_virens,0.7386,-4.0903,-3.5,publish,TP,4,1.0,"same clip replayed after loosening threshold to -3.5; published as visit id 7; demonstrates the rejection was threshold-vs-blur, not misclassification"
2026-10-09T14:14:36,human_hand,actuated,yes,nectariniidae_indet,0.8436,-4.961,-3.5,publish,FP,4,8.8,"first sharp-focus clip; open-set gate did NOT reject a hand; publishes at -4.9434 too, so not an artefact of the loosened threshold; visit row deleted from feeder.db, clip kept as evidence"
2026-10-09T~14:20,Cinnyris chalybeus,observer,no,,,,-4.9434,none,FN,4,8.8,"bird at far end of feeder, possibly occluded by the bottle; 4x4 window is ~1.4cm at 0.114m; no machine record of any kind"
2026-10-09T14:35:51,Cinnyris chalybeus,observer,yes,cinnyris_chalybeus,0.8506,-6.883,-4.9434,publish,TP,8,8.8,"human-confirmed; sharp focus; clears threshold by ~1.9 units -- first end-to-end success where trigger, focus, classifier, gate and allowlist all did the right thing"
2026-10-09T~14:40,Cinnyris chalybeus,observer,no,,,,-4.9434,none,FN,8,8.8,"second missed visit; prompted widening back to 16"
2026-10-09T18:00:42,Cinnyris chalybeus,observer,yes,cinnyris_chalybeus,0.911,-6.8019,-4.9434,publish,TP,16,8.8,"observer confirmed species; first confirmed wild visit after the 7 mm baseline-relative ToF trigger was deployed; visit id 21; sex prediction male_eclipse not observer-confirmed"
2026-10-09T18:01:24,Zosterops virens,observer,yes,zosterops_virens,0.8575,-6.7814,-4.9434,publish,TP,16,8.8,"observer confirmed species; visit id 22; observer reported no missed visits between this and the 18:00:42 sunbird"
2026-10-09T18:02:13,empty_feeder,observer,yes,unknown,0.0,-4.479,-4.9434,retain,TN_correct_reject,16,8.8,"observer confirmed no bird; ToF false trigger; classifier rejected the clip as unknown and retained it for review; no dashboard visit published"
2026-10-10T10:30:27,Cinnyris chalybeus male,observer,yes,cinnyris_chalybeus,0.8286,-6.1021,-4.9434,publish,TP,16,8.8,"operator-confirmed SPECIES and SEX (male); published as visit id 24 at 10:30:39, species level, clearing the novelty threshold by ~1.2; first observer-confirmed visit on the 10 mm baseline-relative margin. Sex predicted male_eclipse: the MALE claim is correct. The breeding-vs-eclipse part is unscoreable by construction -- male_unspecified is a masked partial-label group over {male_breeding, male_eclipse} and no training source carries eclipse annotations, so the head gets no gradient on which member it picks. Do not read it as a plumage finding"
2026-10-10T10:42:36,Chalcomitra amethystina,observer,yes,chalcomitra_amethystina,0.807,,-4.9434,publish,TP,16,8.8,"operator-confirmed; visit id 25; species level against a per-class threshold of 0.43; ToF departure +11 mm (128 mm vs baseline 117 mm) on a 10 mm margin -- clears it by 1 mm, the narrowest confirmed detection on record"
2026-10-10T10:43:35,Chalcomitra amethystina,observer,yes,chalcomitra_amethystina,0.714,,-4.9434,publish,TP,16,8.8,"operator-confirmed; visit id 26; species level; ToF departure +13 mm (134 mm vs baseline 121 mm). 59 s after visit 25 and possibly the same individual returning, so these are two correct PUBLISHES and not necessarily two independent visits"
2026-10-10T10:45:56,Zosterops virens,observer,yes,zosterops_virens,0.9198,-7.4915,-4.9434,publish,TP,16,8.8,"operator-confirmed; visit id 27; ToF departure +43 mm (161 mm vs baseline 118 mm) -- the largest confirmed bird departure recorded"
2026-10-10T10:50:31,Zosterops virens,observer,yes,zosterops_virens,0.8911,-7.0166,-4.9434,publish,TP,16,8.8,"operator-confirmed; visit id 28; ToF departure +13 mm (131 mm vs baseline 118 mm)"
2026-10-10T10:52:45,Zosterops virens,observer,yes,zosterops_virens,0.897,-7.5596,-4.9434,publish,TP,16,8.8,"operator-confirmed; visit id 29; ToF departure +12 mm (130 mm vs baseline 118 mm); novelty -7.5596, the most familiar clip of the day"
2026-10-10T11:00:20,Zosterops virens,observer,yes,zosterops_virens,0.9115,-7.2790,-4.9434,publish,TP,16,8.8,"operator-confirmed; visit id 30; ToF departure +26 mm (144 mm vs baseline 118 mm)"
2026-10-10T11:03:05,Cinnyris chalybeus male,observer,yes,cinnyris_chalybeus,0.8556,-6.5625,-4.9434,publish,TP,16,8.8,"operator-confirmed SPECIES; visit id 31; ToF departure +17 mm (135 mm vs baseline 118 mm). SEX WRONG: predicted sex_label=indeterminate, observer says male. Per taxonomy.yaml the indeterminate class is a positive claim the bird COULD NOT be sexed, not an abstention, so this is a sex-head error on a dimorphic species in sharp focus -- the first observer-confirmed sex ground truth in the project. Species verdict TP stands; the sex call is not counted as correct"
2026-10-10T11:08:21,Cinnyris chalybeus male,observer,yes,cinnyris_chalybeus,0.8887,-6.6515,-4.9434,publish,TP,16,8.8,"operator-confirmed SPECIES and SEX (male); visit id 32; ToF departure +10 mm (127 mm vs baseline 117 mm) -- fires only because the test is >=, joint-narrowest confirmed detection. Sex predicted male_eclipse: male claim correct, breeding-vs-eclipse unscoreable by construction"
2026-10-10T11:08:33,Zosterops virens,observer,yes,,,,-4.9434,none,FN,16,8.8,"operator-confirmed White-eye arriving immediately after the SDC of visit 32. NOT a sensor miss: the ToF fired twice, +12 mm at 11:08:33 and +21 mm at 11:08:42, and BOTH were dropped by the 30 s capture.cooldown_seconds (since_last_admit_s 12.5 and 20.6). No clip was recorded and no classification ran. Unlike a sensor miss this failure IS logged, as dropped_cooldown"
2026-10-10T11:17:33,Zosterops virens,observer,yes,zosterops_virens,0.885,,-4.9434,publish,TP,16,8.8,"operator-confirmed; visit id 33; ToF departure +34 mm (151 mm vs baseline 117 mm)"
2026-10-10T10:27:21/11:17:33,no_missed_visits_except_as_noted,observer,n/a,,,,-4.9434,n/a,TN_correct_reject,16,8.8,"NEGATIVE OBSERVATION, not an event: across this span the operator watched the feeder and every bird seen was detected by the ToF. 11 publishes, 11 confirmed correct, 0 sensor misses. ONE confirmed visit was lost downstream, to the 30 s cooldown (see the 11:08:33 row) -- so this supports trigger detection, NOT end-to-end recall. The operator attention window was NOT logged, so no rate of any kind follows"
